{"ISA":{"0":"WRITE_ADDRESS","1":"invariants","2":"WRITE_COUNTER","3":"STORE","4":"WRITE_KEY","5":"IntermediateRound","6":"START_ENCRYPT","7":"WRITE_LENGTH","8":"READ_KEY","9":"OPERATE","10":"READ_ADDRESS","11":"LOAD","12":"READ_LENGTH","13":"READ_COUNTER","14":"FinalRound","15":"FirstRound","16":"GET_STATUS"},"Generated Line":{"0":391.0,"1":186.0,"2":395.0,"3":441.0,"4":391.0,"5":251.0,"6":387.0,"7":403.0,"8":391.0,"9":426.0,"10":391.0,"11":434.0,"12":391.0,"13":391.0,"14":247.0,"15":251.0,"16":391.0},"Reduced Workload(%)":{"0":31.40562249,"1":20.7126948775,"2":27.6610644258,"3":29.1859695566,"4":27.5546159267,"5":0.5844004657,"6":31.5660685155,"7":31.7322834646,"8":28.4363636364,"9":32.4200913242,"10":31.6599190283,"11":28.6090969018,"12":31.6599190283,"13":28.4363636364,"14":1.103565365,"15":20.4397394137,"16":28.4363636364},"generated reg":{"0":15.0,"1":0.0,"2":15.0,"3":11.0,"4":15.0,"5":6.0,"6":15.0,"7":15.0,"8":15.0,"9":8.0,"10":15.0,"11":8.0,"12":15.0,"13":15.0,"14":6.0,"15":6.0,"16":15.0}}